사고부문,사고번호,사고일시,요일,시군구,사고내용,사망자수,중상자수,경상자수,부상신고자수,사고유형,법규위반,노면상태,기상상태,도로형태,가해운전자 차종,가해운전자 성별,가해운전자 연령,가해운전자 상해정도,피해운전자 차종,피해운전자 성별,피해운전자 연령,피해운전자 상해정도
자전거사고,2021100900100179,2021년 10월 9일 13시,토요일,부산광역시 부산진구 범전동,중상사고,0,1,0,0,차대차 - 기타,안전운전불이행,건조,맑음,교차로 - 교차로안,자전거,남,10세,중상,승용,남,51세,상해없음
자전거사고,2021101200100196,2021년 10월 12일 11시,화요일,부산광역시 강서구 대저1동,중상사고,0,1,0,0,차대차 - 기타,안전운전불이행,건조,맑음,교차로 - 교차로부근,자전거,여,72세,중상,승용,여,37세,상해없음
자전거사고,2021102100100266,2021년 10월 21일 14시,목요일,부산광역시 사하구 당리동,경상사고,0,0,1,0,차대사람 - 횡단중,신호위반,건조,맑음,교차로 - 교차로부근,자전거,남,24세,상해없음,보행자,남,84세,경상
자전거사고,2021102800100281,2021년 10월 28일 13시,목요일,부산광역시 강서구 대저2동,중상사고,0,1,0,0,차대차 - 기타,안전운전불이행,건조,맑음,단일로 - 기타,자전거,남,79세,중상,승합,남,56세,상해없음
자전거사고,2021103100100128,2021년 10월 31일 12시,일요일,부산광역시 기장군 기장읍,경상사고,0,0,1,0,차대차 - 기타,안전운전불이행,건조,맑음,교차로 - 교차로안,자전거,남,15세,경상,승용,남,54세,상해없음
자전거사고,2021110100100366,2021년 11월 1일 16시,월요일,부산광역시 금정구 구서동,부상신고사고,0,0,0,1,차대차 - 기타,안전운전불이행,건조,맑음,단일로 - 기타,자전거,남,70세,부상신고,승용,남,36세,상해없음
자전거사고,2021110100100367,2021년 11월 1일 16시,월요일,부산광역시 연제구 연산동,부상신고사고,0,0,0,1,차대차 - 정면충돌,안전운전불이행,건조,맑음,단일로 - 기타,자전거,남,64세,상해없음,자전거,남,74세,부상신고
자전거사고,2021110200100358,2021년 11월 2일 16시,화요일,부산광역시 동래구 온천동,부상신고사고,0,0,0,1,차대사람 - 기타,기타,건조,맑음,기타 - 기타,자전거,기타불명,미분류,기타불명,보행자,남,58세,부상신고
자전거사고,2021110300100336,2021년 11월 3일 15시,수요일,부산광역시 부산진구 범천동,경상사고,0,0,1,0,차대사람 - 길가장자리구역통행중,기타,건조,맑음,기타 - 기타,자전거,여,31세,상해없음,보행자,남,53세,경상
자전거사고,2021110400100398,2021년 11월 4일 17시,목요일,부산광역시 해운대구 중동,경상사고,0,0,1,0,차대사람 - 보도통행중,기타,건조,맑음,기타 - 기타,자전거,남,9세,상해없음,보행자,여,20세,경상
자전거사고,2.02111E+15,2021년 11월 4일 17시,목요일,부산광역시 부산진구 부암동,부상신고사고,0,0,0,1,차대차 - 측면충돌,불법유턴,건조,맑음,단일로 - 기타,자전거,여,68세,부상신고,승용,여,62세,상해없음
자전거사고,2021110600100314,2021년 11월 6일 15시,토요일,부산광역시 수영구 민락동,중상사고,0,2,0,0,차대차 - 기타,신호위반,건조,맑음,교차로 - 교차로부근,자전거,남,16세,중상,자전거,남,22세,중상
자전거사고,2021110700100064,2021년 11월 7일 08시,일요일,부산광역시 동래구 복천동,경상사고,0,0,1,0,차대차 - 기타,안전운전불이행,건조,맑음,단일로 - 기타,자전거,남,45세,경상,승용,여,39세,상해없음
자전거사고,2021111100100533,2021년 11월 11일 19시,목요일,부산광역시 연제구 연산동,중상사고,0,1,0,0,차대사람 - 기타,안전운전불이행,건조,맑음,교차로 - 교차로부근,자전거,남,74세,상해없음,보행자,남,67세,중상
자전거사고,2021111200100348,2021년 11월 12일 15시,금요일,부산광역시 영도구 남항동1가,중상사고,0,1,0,0,차대사람 - 보도통행중,기타,건조,맑음,기타 - 기타,자전거,남,50세,상해없음,보행자,여,56세,중상
자전거사고,2021112000100206,2021년 11월 20일 12시,토요일,부산광역시 사상구 감전동,경상사고,0,0,1,0,차대차 - 기타,안전운전불이행,건조,맑음,교차로 - 교차로부근,자전거,남,43세,경상,승용,남,22세,상해없음
자전거사고,2021112000100321,2021년 11월 20일 15시,토요일,부산광역시 강서구 대저2동,중상사고,0,1,0,0,차대사람 - 기타,안전운전불이행,건조,맑음,기타 - 기타,자전거,여,46세,상해없음,보행자,여,62세,중상
자전거사고,2021112800100257,2021년 11월 28일 15시,일요일,부산광역시 동래구 안락동,경상사고,0,0,1,0,차대사람 - 보도통행중,기타,건조,맑음,기타 - 기타,자전거,여,23세,상해없음,보행자,남,65세,경상
자전거사고,2021112800100313,2021년 11월 28일 17시,일요일,부산광역시 사상구 삼락동,중상사고,0,1,1,0,차대차 - 측면충돌,신호위반,건조,맑음,교차로 - 교차로안,자전거,남,67세,경상,이륜,남,35세,중상
자전거사고,2021120100100456,2021년 12월 1일 18시,수요일,부산광역시 강서구 명지동,경상사고,0,0,1,0,차대차 - 기타,안전운전불이행,건조,맑음,교차로 - 교차로안,자전거,남,11세,경상,승용,남,37세,상해없음
자전거사고,2021120600100238,2021년 12월 6일 13시,월요일,부산광역시 영도구 영선동3가,경상사고,0,0,1,0,차대차 - 기타,안전운전불이행,건조,맑음,단일로 - 기타,자전거,남,76세,경상,건설기계,남,58세,상해없음
자전거사고,2.02112E+15,2021년 12월 7일 07시,화요일,부산광역시 남구 감만동,경상사고,0,0,1,0,차대차 - 측면충돌,안전운전불이행,건조,맑음,단일로 - 기타,자전거,남,87세,경상,승용,남,65세,상해없음
자전거사고,2021120800100325,2021년 12월 8일 15시,수요일,부산광역시 동래구 명륜동,중상사고,0,1,0,0,차대사람 - 기타,안전운전불이행,건조,맑음,단일로 - 기타,자전거,남,62세,상해없음,보행자,여,70세,중상
자전거사고,2021120900100079,2021년 12월 9일 08시,목요일,부산광역시 강서구 대저2동,중상사고,0,1,0,0,차대차 - 측면충돌,안전운전불이행,건조,맑음,단일로 - 기타,자전거,여,56세,중상,승합,남,52세,상해없음
자전거사고,2.02112E+15,2021년 12월 11일 14시,토요일,부산광역시 동래구 안락동,중상사고,0,1,0,0,차대사람 - 보도통행중,안전운전불이행,건조,맑음,단일로 - 기타,자전거,남,12세,기타불명,보행자,여,68세,중상
자전거사고,2021121400100207,2021년 12월 14일 13시,화요일,부산광역시 서구 암남동,경상사고,0,0,1,0,차대차 - 추돌,안전거리미확보,건조,맑음,교차로 - 교차로안,자전거,남,68세,경상,승합,남,36세,상해없음
자전거사고,2021122000100153,2021년 12월 20일 11시,월요일,부산광역시 부산진구 부암동,경상사고,0,0,1,0,차대차 - 기타,안전거리미확보,건조,맑음,교차로 - 교차로안,자전거,여,64세,경상,승용,남,28세,상해없음
자전거사고,2021122100100498,2021년 12월 21일 21시,화요일,부산광역시 영도구 봉래동1가,부상신고사고,0,0,0,1,차대차 - 정면충돌,신호위반,건조,맑음,단일로 - 기타,자전거,남,68세,부상신고,승용,남,54세,상해없음
자전거사고,2021122200100531,2021년 12월 22일 20시,수요일,부산광역시 연제구 연산동,경상사고,0,0,1,0,차대차 - 기타,교차로운행방법위반,건조,맑음,교차로 - 교차로안,자전거,남,47세,경상,승용,여,52세,상해없음
자전거사고,2021122800100323,2021년 12월 28일 17시,화요일,부산광역시 동래구 낙민동,부상신고사고,0,0,0,1,차대차 - 측면충돌,안전운전불이행,건조,맑음,교차로 - 교차로안,자전거,남,73세,부상신고,승용,여,27세,상해없음
자전거사고,2022010400100039,2022년 1월 4일 07시,화요일,부산광역시 사상구 괘법동,중상사고,0,1,0,0,차대차 - 측면충돌,안전운전불이행,건조,맑음,교차로 - 교차로안,자전거,여,64세,중상,승합,남,65세,상해없음
자전거사고,2022010600100008,2022년 1월 6일 01시,목요일,부산광역시 강서구 대저1동,경상사고,0,0,1,0,차대차 - 측면충돌,안전운전불이행,건조,맑음,단일로 - 기타,자전거,여,72세,경상,화물,남,53세,상해없음
자전거사고,2022010700100146,2022년 1월 7일 11시,금요일,부산광역시 금정구 구서동,부상신고사고,0,0,0,1,차대차 - 측면충돌,안전운전불이행,건조,맑음,교차로 - 교차로안,자전거,여,60세,부상신고,승용,여,52세,상해없음
자전거사고,2022010700100563,2022년 1월 7일 21시,금요일,부산광역시 동래구 수안동,경상사고,0,0,1,0,차대사람 - 횡단중,안전운전불이행,건조,맑음,단일로 - 기타,자전거,남,44세,상해없음,보행자,남,3세,경상
자전거사고,2022010800100132,2022년 1월 8일 11시,토요일,부산광역시 연제구 연산동,중상사고,0,1,0,0,차대차 - 측면충돌,안전운전불이행,건조,맑음,교차로 - 교차로부근,자전거,남,71세,중상,승합,남,41세,상해없음
자전거사고,2022010800100273,2022년 1월 8일 15시,토요일,부산광역시 동래구 수안동,경상사고,0,0,1,0,차대사람 - 기타,안전거리미확보,건조,맑음,단일로 - 기타,자전거,여,72세,경상,보행자,여,80세,상해없음
자전거사고,2022011800100023,2022년 1월 18일 06시,화요일,부산광역시 사하구 하단동,중상사고,0,1,0,0,차대차 - 기타,안전운전불이행,건조,맑음,기타 - 기타,자전거,남,79세,중상,승합,남,60세,상해없음
자전거사고,2.02201E+15,2022년 1월 18일 14시,화요일,부산광역시 해운대구 좌동,중상사고,0,1,0,0,차대사람 - 보도통행중,안전운전불이행,건조,맑음,기타 - 기타,자전거,남,10세,상해없음,보행자,여,83세,중상
자전거사고,2022012200100095,2022년 1월 22일 10시,토요일,부산광역시 기장군 기장읍,경상사고,0,0,1,0,차대차 - 기타,안전운전불이행,건조,맑음,교차로 - 교차로안,자전거,남,47세,경상,승용,남,67세,상해없음
자전거사고,2022012200100165,2022년 1월 22일 12시,토요일,부산광역시 사상구 주례동,사망사고,1,0,0,0,차량단독 - 기타,안전운전불이행,건조,맑음,교차로 - 교차로안,자전거,남,73세,사망,,,,
자전거사고,2022012300100141,2022년 1월 23일 14시,일요일,부산광역시 강서구 명지동,중상사고,0,1,0,0,차대차 - 기타,안전운전불이행,건조,맑음,기타 - 기타,자전거,남,59세,중상,자전거,남,62세,상해없음
자전거사고,2022012600100265,2022년 1월 26일 14시,수요일,부산광역시 수영구 광안동,경상사고,0,0,1,1,차대차 - 추돌,안전운전불이행,건조,맑음,단일로 - 기타,자전거,남,14세,부상신고,승용,남,28세,경상
자전거사고,2022012800100152,2022년 1월 28일 11시,금요일,부산광역시 수영구 수영동,경상사고,0,0,1,1,차대사람 - 기타,안전운전불이행,건조,맑음,기타 - 기타,자전거,남,51세,부상신고,보행자,여,52세,경상
자전거사고,2022012800100352,2022년 1월 28일 16시,금요일,부산광역시 서구 토성동5가,부상신고사고,0,0,0,1,차대차 - 측면충돌,신호위반,건조,맑음,교차로 - 교차로안,자전거,여,66세,부상신고,화물,남,36세,상해없음
자전거사고,2022012800100354,2022년 1월 28일 16시,금요일,부산광역시 강서구 명지동,중상사고,0,1,0,0,차대사람 - 기타,안전운전불이행,건조,맑음,기타 - 기타,자전거,남,9세,상해없음,보행자,여,44세,중상
자전거사고,2022020500100217,2022년 2월 5일 16시,토요일,부산광역시 금정구 노포동,경상사고,0,0,1,0,차대차 - 측면충돌,안전운전불이행,건조,맑음,단일로 - 기타,자전거,남,74세,경상,승합,남,46세,상해없음
자전거사고,2022020900100075,2022년 2월 9일 08시,수요일,부산광역시 사하구 하단동,중상사고,0,1,0,0,차대차 - 기타,안전운전불이행,건조,맑음,단일로 - 기타,자전거,남,75세,중상,승용,남,36세,상해없음
자전거사고,2022021000100347,2022년 2월 10일 18시,목요일,부산광역시 금정구 부곡동,중상사고,0,1,0,0,차대차 - 기타,직진우회전진행방해,건조,맑음,교차로 - 교차로안,자전거,남,17세,중상,승합,남,62세,상해없음
자전거사고,2022021700100219,2022년 2월 17일 14시,목요일,부산광역시 연제구 연산동,경상사고,0,0,1,0,차대차 - 추돌,안전운전불이행,건조,맑음,교차로 - 교차로횡단보도내,자전거,남,77세,경상,승용,남,57세,상해없음
자전거사고,2022030300100221,2022년 3월 3일 13시,목요일,부산광역시 사상구 감전동,중상사고,0,1,0,0,차대차 - 기타,안전운전불이행,건조,맑음,단일로 - 기타,자전거,남,57세,중상,화물,남,58세,상해없음
자전거사고,2022030400100191,2022년 3월 4일 14시,금요일,부산광역시 연제구 연산동,경상사고,0,0,1,0,차대차 - 측면충돌,안전운전불이행,건조,맑음,단일로 - 기타,자전거,남,61세,상해없음,이륜,남,38세,경상
자전거사고,2022030400100221,2022년 3월 4일 15시,금요일,부산광역시 동구 좌천동,중상사고,0,1,0,0,차대차 - 정면충돌,신호위반,건조,맑음,단일로 - 기타,자전거,남,66세,중상,승용,남,27세,상해없음
자전거사고,2022030800100211,2022년 3월 8일 14시,화요일,부산광역시 연제구 연산동,경상사고,0,0,1,0,차대사람 - 길가장자리구역통행중,안전운전불이행,건조,맑음,단일로 - 기타,자전거,여,53세,상해없음,보행자,여,63세,경상
자전거사고,2022031400100285,2022년 3월 14일 17시,월요일,부산광역시 사상구 덕포동,중상사고,0,1,0,0,차대차 - 측면충돌,안전운전불이행,건조,맑음,교차로 - 교차로안,자전거,남,62세,상해없음,자전거,남,42세,중상
자전거사고,2022031500100437,2022년 3월 15일 22시,화요일,부산광역시 중구 보수동1가,경상사고,0,0,1,0,차대차 - 측면충돌,안전운전불이행,건조,맑음,교차로 - 교차로안,자전거,여,60세,경상,승용,여,47세,상해없음
자전거사고,2022032100100139,2022년 3월 21일 11시,월요일,부산광역시 수영구 광안동,중상사고,0,1,0,0,차대사람 - 횡단중,신호위반,건조,맑음,단일로 - 기타,자전거,남,50세,상해없음,보행자,여,58세,중상
자전거사고,2022032400100048,2022년 3월 24일 08시,목요일,부산광역시 사상구 학장동,중상사고,0,1,0,0,차대사람 - 길가장자리구역통행중,안전운전불이행,건조,맑음,단일로 - 기타,자전거,남,16세,기타불명,보행자,여,52세,중상
자전거사고,2022032400100342,2022년 3월 24일 18시,목요일,부산광역시 강서구 명지동,경상사고,0,0,1,0,차대사람 - 기타,신호위반,건조,맑음,교차로 - 교차로부근,자전거,남,11세,상해없음,보행자,여,29세,경상
자전거사고,2022032400100374,2022년 3월 24일 19시,목요일,부산광역시 금정구 부곡동,경상사고,0,0,1,0,차대차 - 기타,안전운전불이행,건조,맑음,기타 - 기타,자전거,기타불명,미분류,기타불명,자전거,남,14세,경상
자전거사고,2022032500100393,2022년 3월 25일 19시,금요일,부산광역시 기장군 정관읍,경상사고,0,0,1,0,차대차 - 기타,신호위반,건조,맑음,교차로 - 교차로안,자전거,남,14세,경상,승용,여,52세,상해없음
자전거사고,2022032700100147,2022년 3월 27일 14시,일요일,부산광역시 기장군 장안읍,경상사고,0,0,1,0,차대차 - 정면충돌,안전운전불이행,건조,맑음,기타 - 기타,자전거,남,13세,상해없음,자전거,남,48세,경상
자전거사고,2022032800100241,2022년 3월 28일 14시,월요일,부산광역시 동구 초량동,경상사고,0,0,1,0,차대사람 - 보도통행중,기타,건조,맑음,기타 - 기타,자전거,남,74세,상해없음,보행자,여,36세,경상
자전거사고,2022032900100031,2022년 3월 29일 07시,화요일,부산광역시 동래구 안락동,경상사고,0,0,1,1,차대차 - 기타,안전운전불이행,건조,맑음,교차로 - 교차로안,자전거,남,75세,부상신고,승용,여,46세,경상
자전거사고,2022033000100222,2022년 3월 30일 14시,수요일,부산광역시 수영구 수영동,중상사고,0,1,0,0,차대차 - 기타,안전운전불이행,건조,맑음,단일로 - 기타,자전거,남,70세,기타불명,자전거,여,66세,중상
자전거사고,2022033100100267,2022년 3월 31일 16시,목요일,부산광역시 연제구 연산동,중상사고,0,1,0,1,차대사람 - 보도통행중,안전운전불이행,건조,흐림,단일로 - 기타,자전거,남,65세,부상신고,보행자,여,70세,중상
자전거사고,2.02204E+15,2022년 4월 3일 14시,일요일,부산광역시 해운대구 우동,중상사고,0,1,0,0,차대차 - 측면충돌,신호위반,건조,맑음,교차로 - 교차로안,자전거,남,38세,중상,승용,남,66세,상해없음
자전거사고,2022041000100045,2022년 4월 10일 06시,일요일,부산광역시 금정구 회동동,사망사고,1,0,0,0,차대차 - 기타,안전운전불이행,건조,맑음,교차로 - 교차로부근,자전거,남,64세,사망,승용,남,29세,상해없음
자전거사고,2022041000100308,2022년 4월 10일 17시,일요일,부산광역시 동래구 낙민동,중상사고,0,1,1,0,차대차 - 기타,안전운전불이행,건조,맑음,기타 - 기타,자전거,남,13세,경상,자전거,남,38세,중상
자전거사고,2022041100100129,2022년 4월 11일 09시,월요일,부산광역시 동래구 사직동,경상사고,0,0,1,0,차대차 - 측면충돌,안전운전불이행,건조,맑음,교차로 - 교차로안,자전거,남,41세,경상,승용,여,52세,상해없음
자전거사고,2.02204E+15,2022년 4월 12일 11시,화요일,부산광역시 부산진구 부암동,중상사고,0,1,0,0,차대차 - 기타,중앙선침범,건조,맑음,단일로 - 기타,자전거,남,88세,중상,화물,남,47세,상해없음
자전거사고,2022041400100461,2022년 4월 14일 20시,목요일,부산광역시 동래구 명륜동,경상사고,0,0,1,0,차대사람 - 기타,보행자보호의무위반,건조,맑음,단일로 - 기타,자전거,여,62세,기타불명,보행자,남,56세,경상
자전거사고,2022041600100442,2022년 4월 16일 17시,토요일,부산광역시 해운대구 반여동,경상사고,0,0,1,0,차대사람 - 횡단중,신호위반,건조,맑음,단일로 - 지하차도(도로)내,자전거,남,14세,상해없음,보행자,여,69세,경상
자전거사고,2022041700100165,2022년 4월 17일 12시,일요일,부산광역시 수영구 수영동,중상사고,0,1,0,0,차대차 - 기타,안전운전불이행,건조,맑음,단일로 - 기타,자전거,기타불명,미분류,기타불명,자전거,남,42세,중상
자전거사고,2022041700100333,2022년 4월 17일 17시,일요일,부산광역시 사상구 괘법동,중상사고,0,1,0,0,차대차 - 측면충돌,안전운전불이행,건조,맑음,단일로 - 기타,자전거,남,31세,상해없음,자전거,여,50세,중상
자전거사고,2022041900100178,2022년 4월 19일 10시,화요일,부산광역시 부산진구 부전동,부상신고사고,0,0,0,1,차대차 - 측면충돌,불법유턴,건조,맑음,단일로 - 기타,자전거,남,77세,부상신고,승용,남,33세,상해없음
자전거사고,2022042400100125,2022년 4월 24일 11시,일요일,부산광역시 남구 대연동,경상사고,0,0,1,0,차대차 - 기타,안전운전불이행,건조,맑음,교차로 - 교차로안,자전거,남,19세,상해없음,이륜,남,19세,경상
자전거사고,2.02204E+15,2022년 4월 24일 14시,일요일,부산광역시 사상구 삼락동,경상사고,0,0,1,0,차대사람 - 기타,안전운전불이행,건조,맑음,단일로 - 기타,자전거,남,49세,상해없음,보행자,여,57세,경상
자전거사고,2022042500100377,2022년 4월 25일 16시,월요일,부산광역시 해운대구 좌동,경상사고,0,0,1,0,차대차 - 기타,안전운전불이행,건조,맑음,교차로 - 교차로안,자전거,남,15세,경상,승용,남,54세,상해없음
자전거사고,2022042800100268,2022년 4월 28일 13시,목요일,부산광역시 해운대구 좌동,중상사고,0,1,0,0,차대차 - 기타,안전운전불이행,건조,맑음,단일로 - 기타,자전거,남,15세,중상,승용,남,70세,상해없음
자전거사고,2022043000100096,2022년 4월 30일 09시,토요일,부산광역시 연제구 거제동,경상사고,0,0,1,0,차량단독 - 도로외이탈 - 기타,안전운전불이행,건조,맑음,기타 - 기타,자전거,여,52세,경상,,,,
자전거사고,2022043000100218,2022년 4월 30일 13시,토요일,부산광역시 남구 용호동,중상사고,0,1,0,0,차대차 - 기타,안전운전불이행,건조,맑음,단일로 - 기타,자전거,남,69세,중상,승용,여,44세,상해없음
자전거사고,2022043000100222,2022년 4월 30일 13시,토요일,부산광역시 강서구 대저1동,부상신고사고,0,0,0,1,차대차 - 측면충돌,신호위반,건조,맑음,교차로 - 교차로안,자전거,남,73세,부상신고,승용,여,60세,상해없음
자전거사고,2.02205E+15,2022년 5월 2일 12시,월요일,부산광역시 해운대구 반여동,중상사고,0,1,0,0,차대사람 - 기타,기타,건조,맑음,기타 - 기타,자전거,남,25세,상해없음,보행자,여,67세,중상
자전거사고,2022050200100419,2022년 5월 2일 17시,월요일,부산광역시 동래구 수안동,경상사고,0,0,1,0,차대차 - 측면충돌,안전운전불이행,건조,맑음,단일로 - 기타,자전거,여,62세,경상,승용,남,52세,상해없음
자전거사고,2022050300100236,2022년 5월 3일 12시,화요일,부산광역시 수영구 민락동,경상사고,0,0,1,0,차대차 - 기타,안전운전불이행,건조,맑음,기타 - 기타,자전거,남,63세,상해없음,자전거,남,26세,경상
자전거사고,2022050300100333,2022년 5월 3일 15시,화요일,부산광역시 해운대구 좌동,부상신고사고,0,0,0,1,차대차 - 기타,교차로운행방법위반,건조,맑음,교차로 - 교차로안,자전거,남,14세,부상신고,승용,여,40세,상해없음
자전거사고,2022050900100191,2022년 5월 9일 11시,월요일,부산광역시 부산진구 부전동,경상사고,0,0,2,0,차대차 - 기타,안전운전불이행,건조,맑음,단일로 - 기타,자전거,남,33세,경상,승용,남,59세,경상
자전거사고,2022050900100481,2022년 5월 9일 18시,월요일,부산광역시 강서구 화전동,경상사고,0,0,1,0,차대차 - 기타,불법유턴,건조,맑음,교차로 - 교차로횡단보도내,자전거,남,30세,경상,승용,남,42세,상해없음
자전거사고,2022051100100079,2022년 5월 11일 08시,수요일,부산광역시 사하구 괴정동,중상사고,0,1,0,0,차대차 - 기타,불법유턴,건조,맑음,단일로 - 기타,자전거,남,71세,중상,승용,남,49세,상해없음
자전거사고,2.02205E+15,2022년 5월 14일 11시,토요일,부산광역시 동래구 안락동,중상사고,0,1,0,0,차대차 - 정면충돌,안전운전불이행,기타,맑음,기타 - 기타,자전거,남,73세,상해없음,자전거,여,35세,중상
자전거사고,2022051600100516,2022년 5월 16일 19시,월요일,부산광역시 강서구 명지동,중상사고,0,1,0,0,차대차 - 기타,불법유턴,건조,맑음,교차로 - 교차로횡단보도내,자전거,남,68세,중상,승용,남,27세,상해없음
자전거사고,2022051800100215,2022년 5월 18일 12시,수요일,부산광역시 연제구 연산동,부상신고사고,0,0,0,1,차대차 - 기타,안전운전불이행,건조,맑음,단일로 - 기타,자전거,남,33세,부상신고,승용,남,34세,상해없음
자전거사고,2022051800100329,2022년 5월 18일 15시,수요일,부산광역시 기장군 정관읍,중상사고,0,1,0,0,차대사람 - 기타,안전운전불이행,건조,맑음,기타 - 기타,자전거,남,57세,상해없음,보행자,남,6세,중상
자전거사고,2022052000100071,2022년 5월 20일 07시,금요일,부산광역시 사상구 삼락동,중상사고,0,1,0,0,차대사람 - 기타,안전운전불이행,건조,맑음,기타 - 기타,자전거,남,63세,기타불명,보행자,여,54세,중상
자전거사고,2022052000100379,2022년 5월 20일 16시,금요일,부산광역시 남구 대연동,경상사고,0,0,1,0,차대차 - 측면충돌,중앙선침범,건조,맑음,교차로 - 교차로부근,자전거,남,16세,경상,승용,남,22세,상해없음
자전거사고,2022052000100642,2022년 5월 20일 22시,금요일,부산광역시 부산진구 전포동,경상사고,0,0,1,0,차대차 - 기타,안전운전불이행,건조,맑음,교차로 - 교차로부근,자전거,남,31세,상해없음,이륜,남,34세,경상
자전거사고,2022052200100061,2022년 5월 22일 07시,일요일,부산광역시 기장군 장안읍,경상사고,0,0,1,0,차대차 - 기타,안전운전불이행,건조,맑음,단일로 - 기타,자전거,남,45세,상해없음,자전거,남,45세,경상
자전거사고,2022052400100207,2022년 5월 24일 11시,화요일,부산광역시 사하구 하단동,경상사고,0,0,1,0,차대사람 - 차도통행중,안전운전불이행,건조,맑음,단일로 - 기타,자전거,여,47세,상해없음,보행자,여,78세,경상
자전거사고,2022052400100296,2022년 5월 24일 14시,화요일,부산광역시 사하구 하단동,중상사고,0,1,0,0,차대사람 - 기타,안전운전불이행,건조,맑음,단일로 - 기타,자전거,남,30세,상해없음,보행자,여,42세,중상
자전거사고,2022052500100084,2022년 5월 25일 08시,수요일,부산광역시 연제구 연산동,경상사고,0,0,1,0,차대차 - 기타,중앙선침범,건조,맑음,단일로 - 기타,자전거,남,56세,경상,승용,남,39세,상해없음
자전거사고,2022052600100608,2022년 5월 26일 21시,목요일,부산광역시 해운대구 우동,중상사고,0,1,0,0,차대사람 - 기타,안전운전불이행,건조,맑음,단일로 - 기타,자전거,남,14세,상해없음,보행자,여,26세,중상
자전거사고,2022053100100183,2022년 5월 31일 10시,화요일,부산광역시 서구 토성동4가,부상신고사고,0,0,0,1,차대차 - 측면충돌,안전운전불이행,건조,맑음,단일로 - 기타,자전거,남,74세,부상신고,승용,남,52세,상해없음
자전거사고,2022053100100615,2022년 5월 31일 20시,화요일,부산광역시 동래구 명륜동,부상신고사고,0,0,0,2,차대차 - 측면충돌,안전운전불이행,건조,맑음,교차로 - 교차로안,자전거,남,15세,부상신고,이륜,남,39세,부상신고
자전거사고,2022060100100115,2022년 6월 1일 08시,수요일,부산광역시 수영구 망미동,중상사고,0,2,0,0,차대차 - 기타,안전운전불이행,건조,맑음,단일로 - 기타,자전거,남,51세,중상,자전거,남,60세,중상
자전거사고,2022060200100031,2022년 6월 2일 06시,목요일,부산광역시 금정구 선동,부상신고사고,0,0,0,1,차대차 - 측면충돌,안전운전불이행,건조,맑음,단일로 - 기타,자전거,남,74세,부상신고,승용,남,72세,상해없음
자전거사고,2022060700100048,2022년 6월 7일 07시,화요일,부산광역시 부산진구 연지동,중상사고,0,1,0,0,차대사람 - 횡단중,보행자보호의무위반,건조,맑음,교차로 - 교차로부근,자전거,남,68세,상해없음,보행자,여,75세,중상
자전거사고,2022060700100081,2022년 6월 7일 08시,화요일,부산광역시 수영구 망미동,부상신고사고,0,0,0,1,차대차 - 기타,안전운전불이행,건조,맑음,단일로 - 기타,자전거,남,77세,부상신고,승용,남,58세,상해없음
자전거사고,2022060900100132,2022년 6월 9일 09시,목요일,부산광역시 강서구 대저1동,경상사고,0,0,1,0,차대차 - 측면충돌,안전운전불이행,건조,맑음,단일로 - 지하차도(도로)내,자전거,남,67세,경상,승용,남,69세,상해없음
자전거사고,2022060900100402,2022년 6월 9일 18시,목요일,부산광역시 강서구 명지동,경상사고,0,0,1,0,차대차 - 정면충돌,중앙선침범,건조,맑음,단일로 - 기타,자전거,남,14세,경상,승용,여,49세,상해없음
자전거사고,2022061200100099,2022년 6월 12일 10시,일요일,부산광역시 해운대구 중동,경상사고,0,0,1,1,차대사람 - 차도통행중,안전운전불이행,건조,맑음,단일로 - 기타,자전거,남,49세,부상신고,보행자,여,54세,경상
자전거사고,2022061300100143,2022년 6월 13일 10시,월요일,부산광역시 수영구 민락동,경상사고,0,0,1,0,차대차 - 측면충돌,신호위반,건조,맑음,단일로 - 기타,자전거,여,63세,경상,화물,남,55세,상해없음
자전거사고,2022061700100449,2022년 6월 17일 18시,금요일,부산광역시 동래구 안락동,중상사고,0,1,0,0,차대사람 - 기타,안전운전불이행,건조,맑음,단일로 - 기타,자전거,여,67세,상해없음,보행자,여,7세,중상
자전거사고,2022061800100293,2022년 6월 18일 14시,토요일,부산광역시 중구 남포동1가,부상신고사고,0,0,0,1,차대사람 - 보도통행중,기타,건조,맑음,단일로 - 기타,자전거,남,14세,상해없음,보행자,여,70세,부상신고